{
  "belowJpsiA": {
    "PeakNum": {
      "getVal": 2005,
      "getError": 0.02233278122417767
    },
    "PeakDen": {
      "getVal": 4406780,
      "getError": 0.00047636441876724685
    },
    "sigNum": {
      "getVal": 76626,
      "getError": 0.0036125338264575285
    },
    "sigDen": {
      "getVal": 2878447,
      "getError": 0.0005894145892334543
    },
    "ratio": {
      "getVal": 0.017091299682987768
    },
    "genSel": "fabs(genMupEta)<2.5 && fabs(genMumEta)<2.5 && genMupPt>2.5 && genMumPt>2.5 && genKpPt>0.4 && genKmPt>0.4 && fabs(genKpEta)<2.5 && fabs(genKmEta)<2.5 && genQ2 > 1.0 && genQ2 < 2.0",
    "finSel": "(JpsiTriggers > 0 || PsiPTriggers > 0 || LMNTTriggers > 0)&&(abs(Bmass-Mumumass-2.270)>0.120 && abs(Bmass-Mumumass-1.681)>0.090)&&(Bdt > 0.52)&&(fabs(Mupeta)<2.5&&fabs(Mumeta)<2.5 && Muppt>2.5&&Mumpt>2.5 && Kppt>0.4&&Kmpt>0.4 && fabs(Kpeta)<2.5&&fabs(Kmeta)<2.5) && Q2 > 1.0 && Q2 < 2.0"
  },
  "belowJpsiB": {
    "PeakNum": {
      "getVal": 6032,
      "getError": 0.012875655065615119
    },
    "PeakDen": {
      "getVal": 12305573,
      "getError": 0.00028506840082990743
    },
    "sigNum": {
      "getVal": 231018,
      "getError": 0.0020805448878297955
    },
    "sigDen": {
      "getVal": 7912105,
      "getError": 0.0003555117662252354
    },
    "ratio": {
      "getVal": 0.016788261066684487
    },
    "genSel": "fabs(genMupEta)<2.5 && fabs(genMumEta)<2.5 && genMupPt>2.5 && genMumPt>2.5 && genKpPt>0.4 && genKmPt>0.4 && fabs(genKpEta)<2.5 && fabs(genKmEta)<2.5 && genQ2 > 2.0 && genQ2 < 5.0",
    "finSel": "(JpsiTriggers > 0 || PsiPTriggers > 0 || LMNTTriggers > 0)&&(abs(Bmass-Mumumass-2.270)>0.120 && abs(Bmass-Mumumass-1.681)>0.090)&&(Bdt > 0.52)&&(fabs(Mupeta)<2.5&&fabs(Mumeta)<2.5 && Muppt>2.5&&Mumpt>2.5 && Kppt>0.4&&Kmpt>0.4 && fabs(Kpeta)<2.5&&fabs(Kmeta)<2.5) && Q2 > 2.0 && Q2 < 5.0"
  },
  "belowJpsiC": {
    "PeakNum": {
      "getVal": 6236,
      "getError": 0.01266330148967263
    },
    "PeakDen": {
      "getVal": 15782484,
      "getError": 0.00025171686902149303
    },
    "sigNum": {
      "getVal": 287263,
      "getError": 0.0018657788003811054
    },
    "sigDen": {
      "getVal": 9849468,
      "getError": 0.0003186350988198775
    },
    "ratio": {
      "getVal": 0.013547645709088191
    },
    "genSel": "fabs(genMupEta)<2.5 && fabs(genMumEta)<2.5 && genMupPt>2.5 && genMumPt>2.5 && genKpPt>0.4 && genKmPt>0.4 && fabs(genKpEta)<2.5 && fabs(genKmEta)<2.5 && genQ2 > 5.0 && genQ2 < 8.0",
    "finSel": "(JpsiTriggers > 0 || PsiPTriggers > 0 || LMNTTriggers > 0)&&(abs(Bmass-Mumumass-2.270)>0.120 && abs(Bmass-Mumumass-1.681)>0.090)&&(Bdt > 0.52)&&(fabs(Mupeta)<2.5&&fabs(Mumeta)<2.5 && Muppt>2.5&&Mumpt>2.5 && Kppt>0.4&&Kmpt>0.4 && fabs(Kpeta)<2.5&&fabs(Kmeta)<2.5) && Q2 > 5.0 && Q2 < 8.0"
  },
  "betweenPeaks": {
    "PeakNum": {
      "getVal": 3052,
      "getError": 0.018101215356399913
    },
    "PeakDen": {
      "getVal": 12528100,
      "getError": 0.0002825253322686946
    },
    "sigNum": {
      "getVal": 193992,
      "getError": 0.002270429859401909
    },
    "sigDen": {
      "getVal": 7749556,
      "getError": 0.0003592208941413841
    },
    "ratio": {
      "getVal": 0.009731780803263397
    },
    "genSel": "fabs(genMupEta)<2.5 && fabs(genMumEta)<2.5 && genMupPt>2.5 && genMumPt>2.5 && genKpPt>0.4 && genKmPt>0.4 && fabs(genKpEta)<2.5 && fabs(genKmEta)<2.5 && genQ2 > 11.0 && genQ2 < 12.5",
    "finSel": "(JpsiTriggers > 0 || PsiPTriggers > 0 || LMNTTriggers > 0)&&(abs(Bmass-Mumumass-2.270)>0.120 && abs(Bmass-Mumumass-1.681)>0.090)&&(Bdt > 0.52)&&(fabs(Mupeta)<2.5&&fabs(Mumeta)<2.5 && Muppt>2.5&&Mumpt>2.5 && Kppt>0.4&&Kmpt>0.4 && fabs(Kpeta)<2.5&&fabs(Kmeta)<2.5) && Q2 > 11.0 && Q2 < 12.5"
  },
  "summaryLowQ2": {
    "PeakNum": {
      "getVal": 10086,
      "getError": 0.009957275377167391
    },
    "PeakDen": {
      "getVal": 21358831,
      "getError": 0.000216377082277696
    },
    "sigNum": {
      "getVal": 394662,
      "getError": 0.0015917957609000205
    },
    "sigDen": {
      "getVal": 13718341,
      "getError": 0.0002699909475037853
    },
    "ratio": {
      "getVal": 0.016414126118057572
    },
    "genSel": "fabs(genMupEta)<2.5 && fabs(genMumEta)<2.5 && genMupPt>2.5 && genMumPt>2.5 && genKpPt>0.4 && genKmPt>0.4 && fabs(genKpEta)<2.5 && fabs(genKmEta)<2.5 && genQ2 > 1.0 && genQ2 < 6.0",
    "finSel": "(JpsiTriggers > 0 || PsiPTriggers > 0 || LMNTTriggers > 0)&&(abs(Bmass-Mumumass-2.270)>0.120 && abs(Bmass-Mumumass-1.681)>0.090)&&(Bdt > 0.52)&&(fabs(Mupeta)<2.5&&fabs(Mumeta)<2.5 && Muppt>2.5&&Mumpt>2.5 && Kppt>0.4&&Kmpt>0.4 && fabs(Kpeta)<2.5&&fabs(Kmeta)<2.5) && Q2 > 1.0 && Q2 < 6.0"
  }
}
